trial,date,tank,urchinGroup,pycnoTreat,algalTreat,minutes,interacting
001,2021-08-15,TF2,starved,pycno,nereo,5,0
001,2021-08-15,TF2,starved,pycno,nereo,10,0
001,2021-08-15,TF2,starved,pycno,nereo,15,0
001,2021-08-15,TF2,starved,pycno,nereo,20,0
001,2021-08-15,TF2,starved,pycno,nereo,25,0
001,2021-08-15,TF2,starved,pycno,nereo,30,0
001,2021-08-15,TF2,starved,pycno,nereo,35,0
001,2021-08-15,TF2,starved,pycno,nereo,40,0
001,2021-08-15,TF2,starved,pycno,nereo,45,0
001,2021-08-15,TF2,starved,pycno,nereo,50,0
001,2021-08-15,TF2,starved,pycno,nereo,55,0
001,2021-08-15,TF2,starved,pycno,nereo,60,0
002,2021-08-16,TF1,starved,control,nereo,5,0
002,2021-08-16,TF1,starved,control,nereo,10,0
002,2021-08-16,TF1,starved,control,nereo,15,0
002,2021-08-16,TF1,starved,control,nereo,20,0
002,2021-08-16,TF1,starved,control,nereo,25,0
002,2021-08-16,TF1,starved,control,nereo,30,0
002,2021-08-16,TF1,starved,control,nereo,35,0
002,2021-08-16,TF1,starved,control,nereo,40,0
002,2021-08-16,TF1,starved,control,nereo,45,0.6
002,2021-08-16,TF1,starved,control,nereo,50,1
002,2021-08-16,TF1,starved,control,nereo,55,1
002,2021-08-16,TF1,starved,control,nereo,60,1
003,2021-08-16,TF2,starved,pycno,control,5,0
003,2021-08-16,TF2,starved,pycno,control,10,0
003,2021-08-16,TF2,starved,pycno,control,15,0
003,2021-08-16,TF2,starved,pycno,control,20,0
003,2021-08-16,TF2,starved,pycno,control,25,0
003,2021-08-16,TF2,starved,pycno,control,30,0
003,2021-08-16,TF2,starved,pycno,control,35,0
003,2021-08-16,TF2,starved,pycno,control,40,0
003,2021-08-16,TF2,starved,pycno,control,45,0
003,2021-08-16,TF2,starved,pycno,control,50,0
003,2021-08-16,TF2,starved,pycno,control,55,0
003,2021-08-16,TF2,starved,pycno,control,60,0
004,2021-08-16,TF1,fed,control,control,5,0
004,2021-08-16,TF1,fed,control,control,10,0
004,2021-08-16,TF1,fed,control,control,15,0
004,2021-08-16,TF1,fed,control,control,20,0
004,2021-08-16,TF1,fed,control,control,25,0
004,2021-08-16,TF1,fed,control,control,30,0
004,2021-08-16,TF1,fed,control,control,35,0
004,2021-08-16,TF1,fed,control,control,40,0
004,2021-08-16,TF1,fed,control,control,45,0
004,2021-08-16,TF1,fed,control,control,50,0.8
004,2021-08-16,TF1,fed,control,control,55,0.4
004,2021-08-16,TF1,fed,control,control,60,0
005,2021-08-17,TF2,fed,pycno,nereo,5,0
005,2021-08-17,TF2,fed,pycno,nereo,10,0
005,2021-08-17,TF2,fed,pycno,nereo,15,0
005,2021-08-17,TF2,fed,pycno,nereo,20,0
005,2021-08-17,TF2,fed,pycno,nereo,25,0
005,2021-08-17,TF2,fed,pycno,nereo,30,0
005,2021-08-17,TF2,fed,pycno,nereo,35,0
005,2021-08-17,TF2,fed,pycno,nereo,40,0
005,2021-08-17,TF2,fed,pycno,nereo,45,0
005,2021-08-17,TF2,fed,pycno,nereo,50,0
005,2021-08-17,TF2,fed,pycno,nereo,55,0
005,2021-08-17,TF2,fed,pycno,nereo,60,0
006,2021-08-17,TF1,starved,pycno,nereo,5,0
006,2021-08-17,TF1,starved,pycno,nereo,10,0
006,2021-08-17,TF1,starved,pycno,nereo,15,0
006,2021-08-17,TF1,starved,pycno,nereo,20,0
006,2021-08-17,TF1,starved,pycno,nereo,25,0
006,2021-08-17,TF1,starved,pycno,nereo,30,0
006,2021-08-17,TF1,starved,pycno,nereo,35,0
006,2021-08-17,TF1,starved,pycno,nereo,40,0
006,2021-08-17,TF1,starved,pycno,nereo,45,0
006,2021-08-17,TF1,starved,pycno,nereo,50,0
006,2021-08-17,TF1,starved,pycno,nereo,55,0
006,2021-08-17,TF1,starved,pycno,nereo,60,0
007,2021-08-17,TF2,fed,control,nereo,5,1
007,2021-08-17,TF2,fed,control,nereo,10,1
007,2021-08-17,TF2,fed,control,nereo,15,0.6
007,2021-08-17,TF2,fed,control,nereo,20,0
007,2021-08-17,TF2,fed,control,nereo,25,0
007,2021-08-17,TF2,fed,control,nereo,30,0
007,2021-08-17,TF2,fed,control,nereo,35,0
007,2021-08-17,TF2,fed,control,nereo,40,0
007,2021-08-17,TF2,fed,control,nereo,45,0
007,2021-08-17,TF2,fed,control,nereo,50,0
007,2021-08-17,TF2,fed,control,nereo,55,0
007,2021-08-17,TF2,fed,control,nereo,60,0
008,2021-08-17,TF1,starved,control,nereo,5,0.8
008,2021-08-17,TF1,starved,control,nereo,10,1
008,2021-08-17,TF1,starved,control,nereo,15,1
008,2021-08-17,TF1,starved,control,nereo,20,1
008,2021-08-17,TF1,starved,control,nereo,25,1
008,2021-08-17,TF1,starved,control,nereo,30,1
008,2021-08-17,TF1,starved,control,nereo,35,1
008,2021-08-17,TF1,starved,control,nereo,40,1
008,2021-08-17,TF1,starved,control,nereo,45,1
008,2021-08-17,TF1,starved,control,nereo,50,1
008,2021-08-17,TF1,starved,control,nereo,55,1
008,2021-08-17,TF1,starved,control,nereo,60,1
009,2021-08-18,TF2,fed,control,control,5,0.8
009,2021-08-18,TF2,fed,control,control,10,0.4
009,2021-08-18,TF2,fed,control,control,15,0
009,2021-08-18,TF2,fed,control,control,20,0
009,2021-08-18,TF2,fed,control,control,25,0
009,2021-08-18,TF2,fed,control,control,30,0
009,2021-08-18,TF2,fed,control,control,35,0
009,2021-08-18,TF2,fed,control,control,40,0
009,2021-08-18,TF2,fed,control,control,45,0
009,2021-08-18,TF2,fed,control,control,50,0
009,2021-08-18,TF2,fed,control,control,55,0
009,2021-08-18,TF2,fed,control,control,60,0
010,2021-08-18,TF1,fed,control,control,5,0
010,2021-08-18,TF1,fed,control,control,10,0
010,2021-08-18,TF1,fed,control,control,15,0
010,2021-08-18,TF1,fed,control,control,20,0
010,2021-08-18,TF1,fed,control,control,25,0
010,2021-08-18,TF1,fed,control,control,30,0
010,2021-08-18,TF1,fed,control,control,35,0
010,2021-08-18,TF1,fed,control,control,40,0
010,2021-08-18,TF1,fed,control,control,45,0
010,2021-08-18,TF1,fed,control,control,50,0
010,2021-08-18,TF1,fed,control,control,55,0
010,2021-08-18,TF1,fed,control,control,60,0
011,2021-08-18,TF2,starved,pycno,nereo,5,1
011,2021-08-18,TF2,starved,pycno,nereo,10,1
011,2021-08-18,TF2,starved,pycno,nereo,15,1
011,2021-08-18,TF2,starved,pycno,nereo,20,1
011,2021-08-18,TF2,starved,pycno,nereo,25,1
011,2021-08-18,TF2,starved,pycno,nereo,30,1
011,2021-08-18,TF2,starved,pycno,nereo,35,1
011,2021-08-18,TF2,starved,pycno,nereo,40,1
011,2021-08-18,TF2,starved,pycno,nereo,45,1
011,2021-08-18,TF2,starved,pycno,nereo,50,1
011,2021-08-18,TF2,starved,pycno,nereo,55,1
011,2021-08-18,TF2,starved,pycno,nereo,60,1
012,2021-08-18,TF1,starved,control,control,5,0
012,2021-08-18,TF1,starved,control,control,10,0
012,2021-08-18,TF1,starved,control,control,15,0
012,2021-08-18,TF1,starved,control,control,20,0
012,2021-08-18,TF1,starved,control,control,25,0
012,2021-08-18,TF1,starved,control,control,30,0
012,2021-08-18,TF1,starved,control,control,35,0
012,2021-08-18,TF1,starved,control,control,40,0
012,2021-08-18,TF1,starved,control,control,45,0
012,2021-08-18,TF1,starved,control,control,50,0
012,2021-08-18,TF1,starved,control,control,55,0
012,2021-08-18,TF1,starved,control,control,60,0
013,2021-08-19,TF2,starved,control,control,5,0.4
013,2021-08-19,TF2,starved,control,control,10,0
013,2021-08-19,TF2,starved,control,control,15,0
013,2021-08-19,TF2,starved,control,control,20,0
013,2021-08-19,TF2,starved,control,control,25,0
013,2021-08-19,TF2,starved,control,control,30,0
013,2021-08-19,TF2,starved,control,control,35,0
013,2021-08-19,TF2,starved,control,control,40,0
013,2021-08-19,TF2,starved,control,control,45,0
013,2021-08-19,TF2,starved,control,control,50,0
013,2021-08-19,TF2,starved,control,control,55,0
013,2021-08-19,TF2,starved,control,control,60,0
014,2021-08-19,TF1,fed,control,nereo,5,0
014,2021-08-19,TF1,fed,control,nereo,10,0
014,2021-08-19,TF1,fed,control,nereo,15,0
014,2021-08-19,TF1,fed,control,nereo,20,0
014,2021-08-19,TF1,fed,control,nereo,25,0
014,2021-08-19,TF1,fed,control,nereo,30,0
014,2021-08-19,TF1,fed,control,nereo,35,0
014,2021-08-19,TF1,fed,control,nereo,40,0
014,2021-08-19,TF1,fed,control,nereo,45,0
014,2021-08-19,TF1,fed,control,nereo,50,0
014,2021-08-19,TF1,fed,control,nereo,55,0
014,2021-08-19,TF1,fed,control,nereo,60,0
015,2021-08-19,TF2,fed,control,nereo,5,0
015,2021-08-19,TF2,fed,control,nereo,10,0
015,2021-08-19,TF2,fed,control,nereo,15,0
015,2021-08-19,TF2,fed,control,nereo,20,0
015,2021-08-19,TF2,fed,control,nereo,25,0
015,2021-08-19,TF2,fed,control,nereo,30,0
015,2021-08-19,TF2,fed,control,nereo,35,0
015,2021-08-19,TF2,fed,control,nereo,40,0
015,2021-08-19,TF2,fed,control,nereo,45,0
015,2021-08-19,TF2,fed,control,nereo,50,0
015,2021-08-19,TF2,fed,control,nereo,55,0
015,2021-08-19,TF2,fed,control,nereo,60,0
016,2021-08-19,TF1,fed,pycno,control,5,0
016,2021-08-19,TF1,fed,pycno,control,10,0
016,2021-08-19,TF1,fed,pycno,control,15,0
016,2021-08-19,TF1,fed,pycno,control,20,0
016,2021-08-19,TF1,fed,pycno,control,25,0
016,2021-08-19,TF1,fed,pycno,control,30,0
016,2021-08-19,TF1,fed,pycno,control,35,0
016,2021-08-19,TF1,fed,pycno,control,40,0
016,2021-08-19,TF1,fed,pycno,control,45,0
016,2021-08-19,TF1,fed,pycno,control,50,0
016,2021-08-19,TF1,fed,pycno,control,55,0
016,2021-08-19,TF1,fed,pycno,control,60,0
017,2021-08-20,TF2,starved,control,nereo,5,1
017,2021-08-20,TF2,starved,control,nereo,10,1
017,2021-08-20,TF2,starved,control,nereo,15,1
017,2021-08-20,TF2,starved,control,nereo,20,1
017,2021-08-20,TF2,starved,control,nereo,25,1
017,2021-08-20,TF2,starved,control,nereo,30,1
017,2021-08-20,TF2,starved,control,nereo,35,1
017,2021-08-20,TF2,starved,control,nereo,40,1
017,2021-08-20,TF2,starved,control,nereo,45,1
017,2021-08-20,TF2,starved,control,nereo,50,1
017,2021-08-20,TF2,starved,control,nereo,55,1
017,2021-08-20,TF2,starved,control,nereo,60,1
018,2021-08-20,TF1,fed,pycno,control,5,0
018,2021-08-20,TF1,fed,pycno,control,10,0
018,2021-08-20,TF1,fed,pycno,control,15,0
018,2021-08-20,TF1,fed,pycno,control,20,0
018,2021-08-20,TF1,fed,pycno,control,25,0
018,2021-08-20,TF1,fed,pycno,control,30,0
018,2021-08-20,TF1,fed,pycno,control,35,0
018,2021-08-20,TF1,fed,pycno,control,40,0
018,2021-08-20,TF1,fed,pycno,control,45,0
018,2021-08-20,TF1,fed,pycno,control,50,0
018,2021-08-20,TF1,fed,pycno,control,55,0
018,2021-08-20,TF1,fed,pycno,control,60,0
019,2021-08-20,TF2,fed,pycno,nereo,5,0
019,2021-08-20,TF2,fed,pycno,nereo,10,0
019,2021-08-20,TF2,fed,pycno,nereo,15,0
019,2021-08-20,TF2,fed,pycno,nereo,20,0
019,2021-08-20,TF2,fed,pycno,nereo,25,0
019,2021-08-20,TF2,fed,pycno,nereo,30,0
019,2021-08-20,TF2,fed,pycno,nereo,35,0
019,2021-08-20,TF2,fed,pycno,nereo,40,0
019,2021-08-20,TF2,fed,pycno,nereo,45,0
019,2021-08-20,TF2,fed,pycno,nereo,50,0
019,2021-08-20,TF2,fed,pycno,nereo,55,0
019,2021-08-20,TF2,fed,pycno,nereo,60,0
020,2021-08-20,TF1,fed,pycno,nereo,5,0
020,2021-08-20,TF1,fed,pycno,nereo,10,0
020,2021-08-20,TF1,fed,pycno,nereo,15,0
020,2021-08-20,TF1,fed,pycno,nereo,20,0
020,2021-08-20,TF1,fed,pycno,nereo,25,0
020,2021-08-20,TF1,fed,pycno,nereo,30,0
020,2021-08-20,TF1,fed,pycno,nereo,35,0
020,2021-08-20,TF1,fed,pycno,nereo,40,0
020,2021-08-20,TF1,fed,pycno,nereo,45,0
020,2021-08-20,TF1,fed,pycno,nereo,50,0
020,2021-08-20,TF1,fed,pycno,nereo,55,0.8
020,2021-08-20,TF1,fed,pycno,nereo,60,0
021,2021-08-21,TF2,fed,pycno,control,5,0.8
021,2021-08-21,TF2,fed,pycno,control,10,0.2
021,2021-08-21,TF2,fed,pycno,control,15,0
021,2021-08-21,TF2,fed,pycno,control,20,0
021,2021-08-21,TF2,fed,pycno,control,25,0
021,2021-08-21,TF2,fed,pycno,control,30,0
021,2021-08-21,TF2,fed,pycno,control,35,0
021,2021-08-21,TF2,fed,pycno,control,40,0
021,2021-08-21,TF2,fed,pycno,control,45,0
021,2021-08-21,TF2,fed,pycno,control,50,0
021,2021-08-21,TF2,fed,pycno,control,55,0
021,2021-08-21,TF2,fed,pycno,control,60,0
022,2021-08-21,TF1,starved,pycno,control,5,0
022,2021-08-21,TF1,starved,pycno,control,10,0
022,2021-08-21,TF1,starved,pycno,control,15,0
022,2021-08-21,TF1,starved,pycno,control,20,0
022,2021-08-21,TF1,starved,pycno,control,25,0
022,2021-08-21,TF1,starved,pycno,control,30,0
022,2021-08-21,TF1,starved,pycno,control,35,0
022,2021-08-21,TF1,starved,pycno,control,40,0
022,2021-08-21,TF1,starved,pycno,control,45,0
022,2021-08-21,TF1,starved,pycno,control,50,0
022,2021-08-21,TF1,starved,pycno,control,55,0
022,2021-08-21,TF1,starved,pycno,control,60,0
023,2021-08-21,TF2,starved,control,control,5,0.8
023,2021-08-21,TF2,starved,control,control,10,1
023,2021-08-21,TF2,starved,control,control,15,0.2
023,2021-08-21,TF2,starved,control,control,20,0
023,2021-08-21,TF2,starved,control,control,25,0
023,2021-08-21,TF2,starved,control,control,30,0
023,2021-08-21,TF2,starved,control,control,35,0
023,2021-08-21,TF2,starved,control,control,40,0
023,2021-08-21,TF2,starved,control,control,45,0
023,2021-08-21,TF2,starved,control,control,50,0
023,2021-08-21,TF2,starved,control,control,55,0
023,2021-08-21,TF2,starved,control,control,60,0
024,2021-08-21,TF1,starved,pycno,control,5,0
024,2021-08-21,TF1,starved,pycno,control,10,0
024,2021-08-21,TF1,starved,pycno,control,15,0
024,2021-08-21,TF1,starved,pycno,control,20,0
024,2021-08-21,TF1,starved,pycno,control,25,0
024,2021-08-21,TF1,starved,pycno,control,30,0
024,2021-08-21,TF1,starved,pycno,control,35,0
024,2021-08-21,TF1,starved,pycno,control,40,0
024,2021-08-21,TF1,starved,pycno,control,45,0
024,2021-08-21,TF1,starved,pycno,control,50,0
024,2021-08-21,TF1,starved,pycno,control,55,0.2
024,2021-08-21,TF1,starved,pycno,control,60,0
025,2021-08-22,TF2,starved,pycno,nereo,5,0.6
025,2021-08-22,TF2,starved,pycno,nereo,10,1
025,2021-08-22,TF2,starved,pycno,nereo,15,1
025,2021-08-22,TF2,starved,pycno,nereo,20,1
025,2021-08-22,TF2,starved,pycno,nereo,25,1
025,2021-08-22,TF2,starved,pycno,nereo,30,1
025,2021-08-22,TF2,starved,pycno,nereo,35,1
025,2021-08-22,TF2,starved,pycno,nereo,40,1
025,2021-08-22,TF2,starved,pycno,nereo,45,1
025,2021-08-22,TF2,starved,pycno,nereo,50,1
025,2021-08-22,TF2,starved,pycno,nereo,55,1
025,2021-08-22,TF2,starved,pycno,nereo,60,1
026,2021-08-22,TF1,fed,control,nereo,5,0
026,2021-08-22,TF1,fed,control,nereo,10,0
026,2021-08-22,TF1,fed,control,nereo,15,0
026,2021-08-22,TF1,fed,control,nereo,20,0
026,2021-08-22,TF1,fed,control,nereo,25,0
026,2021-08-22,TF1,fed,control,nereo,30,0
026,2021-08-22,TF1,fed,control,nereo,35,0
026,2021-08-22,TF1,fed,control,nereo,40,0
026,2021-08-22,TF1,fed,control,nereo,45,0
026,2021-08-22,TF1,fed,control,nereo,50,0
026,2021-08-22,TF1,fed,control,nereo,55,0
026,2021-08-22,TF1,fed,control,nereo,60,0
027,2021-08-23,TF2,starved,pycno,nereo,5,0
027,2021-08-23,TF2,starved,pycno,nereo,10,0
027,2021-08-23,TF2,starved,pycno,nereo,15,0
027,2021-08-23,TF2,starved,pycno,nereo,20,0.6
027,2021-08-23,TF2,starved,pycno,nereo,25,1
027,2021-08-23,TF2,starved,pycno,nereo,30,1
027,2021-08-23,TF2,starved,pycno,nereo,35,1
027,2021-08-23,TF2,starved,pycno,nereo,40,1
027,2021-08-23,TF2,starved,pycno,nereo,45,1
027,2021-08-23,TF2,starved,pycno,nereo,50,1
027,2021-08-23,TF2,starved,pycno,nereo,55,1
027,2021-08-23,TF2,starved,pycno,nereo,60,1
028,2021-08-23,TF1,starved,control,nereo,5,1
028,2021-08-23,TF1,starved,control,nereo,10,1
028,2021-08-23,TF1,starved,control,nereo,15,1
028,2021-08-23,TF1,starved,control,nereo,20,1
028,2021-08-23,TF1,starved,control,nereo,25,1
028,2021-08-23,TF1,starved,control,nereo,30,1
028,2021-08-23,TF1,starved,control,nereo,35,1
028,2021-08-23,TF1,starved,control,nereo,40,1
028,2021-08-23,TF1,starved,control,nereo,45,1
028,2021-08-23,TF1,starved,control,nereo,50,1
028,2021-08-23,TF1,starved,control,nereo,55,1
028,2021-08-23,TF1,starved,control,nereo,60,1
029,2021-08-24,TF2,starved,control,nereo,5,0
029,2021-08-24,TF2,starved,control,nereo,10,0
029,2021-08-24,TF2,starved,control,nereo,15,0
029,2021-08-24,TF2,starved,control,nereo,20,0
029,2021-08-24,TF2,starved,control,nereo,25,0
029,2021-08-24,TF2,starved,control,nereo,30,0
029,2021-08-24,TF2,starved,control,nereo,35,0
029,2021-08-24,TF2,starved,control,nereo,40,0
029,2021-08-24,TF2,starved,control,nereo,45,0.4
029,2021-08-24,TF2,starved,control,nereo,50,1
029,2021-08-24,TF2,starved,control,nereo,55,1
029,2021-08-24,TF2,starved,control,nereo,60,1
030,2021-08-24,TF1,fed,control,nereo,5,0
030,2021-08-24,TF1,fed,control,nereo,10,0
030,2021-08-24,TF1,fed,control,nereo,15,0
030,2021-08-24,TF1,fed,control,nereo,20,0
030,2021-08-24,TF1,fed,control,nereo,25,0
030,2021-08-24,TF1,fed,control,nereo,30,0
030,2021-08-24,TF1,fed,control,nereo,35,0
030,2021-08-24,TF1,fed,control,nereo,40,0
030,2021-08-24,TF1,fed,control,nereo,45,0
030,2021-08-24,TF1,fed,control,nereo,50,0
030,2021-08-24,TF1,fed,control,nereo,55,0
030,2021-08-24,TF1,fed,control,nereo,60,0
031,2021-08-25,TF2,starved,control,control,5,0
031,2021-08-25,TF2,starved,control,control,10,0
031,2021-08-25,TF2,starved,control,control,15,0
031,2021-08-25,TF2,starved,control,control,20,0
031,2021-08-25,TF2,starved,control,control,25,0
031,2021-08-25,TF2,starved,control,control,30,0
031,2021-08-25,TF2,starved,control,control,35,0
031,2021-08-25,TF2,starved,control,control,40,0
031,2021-08-25,TF2,starved,control,control,45,0
031,2021-08-25,TF2,starved,control,control,50,0
031,2021-08-25,TF2,starved,control,control,55,0
031,2021-08-25,TF2,starved,control,control,60,0
032,2021-08-25,TF1,fed,control,control,5,1
032,2021-08-25,TF1,fed,control,control,10,1
032,2021-08-25,TF1,fed,control,control,15,1
032,2021-08-25,TF1,fed,control,control,20,0
032,2021-08-25,TF1,fed,control,control,25,0
032,2021-08-25,TF1,fed,control,control,30,0.8
032,2021-08-25,TF1,fed,control,control,35,0
032,2021-08-25,TF1,fed,control,control,40,0
032,2021-08-25,TF1,fed,control,control,45,0
032,2021-08-25,TF1,fed,control,control,50,0
032,2021-08-25,TF1,fed,control,control,55,0
032,2021-08-25,TF1,fed,control,control,60,0
033,2021-08-26,TF2,fed,pycno,control,5,0.2
033,2021-08-26,TF2,fed,pycno,control,10,0
033,2021-08-26,TF2,fed,pycno,control,15,0
033,2021-08-26,TF2,fed,pycno,control,20,0
033,2021-08-26,TF2,fed,pycno,control,25,0
033,2021-08-26,TF2,fed,pycno,control,30,0
033,2021-08-26,TF2,fed,pycno,control,35,0
033,2021-08-26,TF2,fed,pycno,control,40,0
033,2021-08-26,TF2,fed,pycno,control,45,0
033,2021-08-26,TF2,fed,pycno,control,50,0
033,2021-08-26,TF2,fed,pycno,control,55,0
033,2021-08-26,TF2,fed,pycno,control,60,0
034,2021-08-26,TF1,fed,control,control,5,0
034,2021-08-26,TF1,fed,control,control,10,0.2
034,2021-08-26,TF1,fed,control,control,15,1
034,2021-08-26,TF1,fed,control,control,20,0.6
034,2021-08-26,TF1,fed,control,control,25,0
034,2021-08-26,TF1,fed,control,control,30,0
034,2021-08-26,TF1,fed,control,control,35,0
034,2021-08-26,TF1,fed,control,control,40,0
034,2021-08-26,TF1,fed,control,control,45,0
034,2021-08-26,TF1,fed,control,control,50,0
034,2021-08-26,TF1,fed,control,control,55,0.6
034,2021-08-26,TF1,fed,control,control,60,0
035,2021-08-27,TF2,starved,pycno,nereo,5,1
035,2021-08-27,TF2,starved,pycno,nereo,10,1
035,2021-08-27,TF2,starved,pycno,nereo,15,1
035,2021-08-27,TF2,starved,pycno,nereo,20,1
035,2021-08-27,TF2,starved,pycno,nereo,25,1
035,2021-08-27,TF2,starved,pycno,nereo,30,1
035,2021-08-27,TF2,starved,pycno,nereo,35,1
035,2021-08-27,TF2,starved,pycno,nereo,40,1
035,2021-08-27,TF2,starved,pycno,nereo,45,1
035,2021-08-27,TF2,starved,pycno,nereo,50,1
035,2021-08-27,TF2,starved,pycno,nereo,55,1
035,2021-08-27,TF2,starved,pycno,nereo,60,1
036,2021-08-27,TF1,fed,pycno,control,5,0
036,2021-08-27,TF1,fed,pycno,control,10,0
036,2021-08-27,TF1,fed,pycno,control,15,0
036,2021-08-27,TF1,fed,pycno,control,20,0
036,2021-08-27,TF1,fed,pycno,control,25,0
036,2021-08-27,TF1,fed,pycno,control,30,0
036,2021-08-27,TF1,fed,pycno,control,35,0
036,2021-08-27,TF1,fed,pycno,control,40,0
036,2021-08-27,TF1,fed,pycno,control,45,0
036,2021-08-27,TF1,fed,pycno,control,50,0
036,2021-08-27,TF1,fed,pycno,control,55,0
036,2021-08-27,TF1,fed,pycno,control,60,0
037,2021-08-28,TF2,fed,pycno,control,5,0
037,2021-08-28,TF2,fed,pycno,control,10,0
037,2021-08-28,TF2,fed,pycno,control,15,0
037,2021-08-28,TF2,fed,pycno,control,20,0
037,2021-08-28,TF2,fed,pycno,control,25,0
037,2021-08-28,TF2,fed,pycno,control,30,0
037,2021-08-28,TF2,fed,pycno,control,35,0
037,2021-08-28,TF2,fed,pycno,control,40,0
037,2021-08-28,TF2,fed,pycno,control,45,0
037,2021-08-28,TF2,fed,pycno,control,50,0
037,2021-08-28,TF2,fed,pycno,control,55,0
037,2021-08-28,TF2,fed,pycno,control,60,0
038,2021-08-28,TF1,fed,control,control,5,0
038,2021-08-28,TF1,fed,control,control,10,0.2
038,2021-08-28,TF1,fed,control,control,15,0
038,2021-08-28,TF1,fed,control,control,20,0
038,2021-08-28,TF1,fed,control,control,25,0
038,2021-08-28,TF1,fed,control,control,30,0
038,2021-08-28,TF1,fed,control,control,35,0
038,2021-08-28,TF1,fed,control,control,40,0
038,2021-08-28,TF1,fed,control,control,45,0.2
038,2021-08-28,TF1,fed,control,control,50,0
038,2021-08-28,TF1,fed,control,control,55,0
038,2021-08-28,TF1,fed,control,control,60,0
039,2021-08-28,TF2,starved,control,control,5,0
039,2021-08-28,TF2,starved,control,control,10,0
039,2021-08-28,TF2,starved,control,control,15,0
039,2021-08-28,TF2,starved,control,control,20,0
039,2021-08-28,TF2,starved,control,control,25,0
039,2021-08-28,TF2,starved,control,control,30,0
039,2021-08-28,TF2,starved,control,control,35,0
039,2021-08-28,TF2,starved,control,control,40,0
039,2021-08-28,TF2,starved,control,control,45,0
039,2021-08-28,TF2,starved,control,control,50,0
039,2021-08-28,TF2,starved,control,control,55,0
039,2021-08-28,TF2,starved,control,control,60,0
040,2021-08-28,TF1,starved,control,nereo,5,0
040,2021-08-28,TF1,starved,control,nereo,10,0
040,2021-08-28,TF1,starved,control,nereo,15,0
040,2021-08-28,TF1,starved,control,nereo,20,0
040,2021-08-28,TF1,starved,control,nereo,25,0
040,2021-08-28,TF1,starved,control,nereo,30,0
040,2021-08-28,TF1,starved,control,nereo,35,0
040,2021-08-28,TF1,starved,control,nereo,40,0
040,2021-08-28,TF1,starved,control,nereo,45,0
040,2021-08-28,TF1,starved,control,nereo,50,0
040,2021-08-28,TF1,starved,control,nereo,55,0
040,2021-08-28,TF1,starved,control,nereo,60,0
041,2021-08-29,TF2,starved,control,control,5,0
041,2021-08-29,TF2,starved,control,control,10,0
041,2021-08-29,TF2,starved,control,control,15,0
041,2021-08-29,TF2,starved,control,control,20,0
041,2021-08-29,TF2,starved,control,control,25,0
041,2021-08-29,TF2,starved,control,control,30,0
041,2021-08-29,TF2,starved,control,control,35,0
041,2021-08-29,TF2,starved,control,control,40,0
041,2021-08-29,TF2,starved,control,control,45,0
041,2021-08-29,TF2,starved,control,control,50,0.6
041,2021-08-29,TF2,starved,control,control,55,0.6
041,2021-08-29,TF2,starved,control,control,60,0
042,2021-08-29,TF1,starved,pycno,control,5,0.6
042,2021-08-29,TF1,starved,pycno,control,10,0
042,2021-08-29,TF1,starved,pycno,control,15,0
042,2021-08-29,TF1,starved,pycno,control,20,0
042,2021-08-29,TF1,starved,pycno,control,25,0
042,2021-08-29,TF1,starved,pycno,control,30,0
042,2021-08-29,TF1,starved,pycno,control,35,0
042,2021-08-29,TF1,starved,pycno,control,40,0
042,2021-08-29,TF1,starved,pycno,control,45,0
042,2021-08-29,TF1,starved,pycno,control,50,0
042,2021-08-29,TF1,starved,pycno,control,55,0
042,2021-08-29,TF1,starved,pycno,control,60,0
043,2021-08-29,TF2,fed,pycno,nereo,5,1
043,2021-08-29,TF2,fed,pycno,nereo,10,1
043,2021-08-29,TF2,fed,pycno,nereo,15,1
043,2021-08-29,TF2,fed,pycno,nereo,20,1
043,2021-08-29,TF2,fed,pycno,nereo,25,1
043,2021-08-29,TF2,fed,pycno,nereo,30,1
043,2021-08-29,TF2,fed,pycno,nereo,35,1
043,2021-08-29,TF2,fed,pycno,nereo,40,0.8
043,2021-08-29,TF2,fed,pycno,nereo,45,0
043,2021-08-29,TF2,fed,pycno,nereo,50,0
043,2021-08-29,TF2,fed,pycno,nereo,55,0
043,2021-08-29,TF2,fed,pycno,nereo,60,0
044,2021-08-29,TF1,fed,pycno,nereo,5,0
044,2021-08-29,TF1,fed,pycno,nereo,10,0
044,2021-08-29,TF1,fed,pycno,nereo,15,0
044,2021-08-29,TF1,fed,pycno,nereo,20,0
044,2021-08-29,TF1,fed,pycno,nereo,25,1
044,2021-08-29,TF1,fed,pycno,nereo,30,0.4
044,2021-08-29,TF1,fed,pycno,nereo,35,0
044,2021-08-29,TF1,fed,pycno,nereo,40,0
044,2021-08-29,TF1,fed,pycno,nereo,45,0
044,2021-08-29,TF1,fed,pycno,nereo,50,0
044,2021-08-29,TF1,fed,pycno,nereo,55,0
044,2021-08-29,TF1,fed,pycno,nereo,60,0
045,2021-08-30,TF2,fed,pycno,nereo,5,1
045,2021-08-30,TF2,fed,pycno,nereo,10,1
045,2021-08-30,TF2,fed,pycno,nereo,15,0
045,2021-08-30,TF2,fed,pycno,nereo,20,0
045,2021-08-30,TF2,fed,pycno,nereo,25,0
045,2021-08-30,TF2,fed,pycno,nereo,30,0
045,2021-08-30,TF2,fed,pycno,nereo,35,0
045,2021-08-30,TF2,fed,pycno,nereo,40,0
045,2021-08-30,TF2,fed,pycno,nereo,45,0
045,2021-08-30,TF2,fed,pycno,nereo,50,0
045,2021-08-30,TF2,fed,pycno,nereo,55,0.4
045,2021-08-30,TF2,fed,pycno,nereo,60,0.4
046,2021-08-30,TF1,starved,pycno,control,5,0
046,2021-08-30,TF1,starved,pycno,control,10,0
046,2021-08-30,TF1,starved,pycno,control,15,0
046,2021-08-30,TF1,starved,pycno,control,20,0
046,2021-08-30,TF1,starved,pycno,control,25,0
046,2021-08-30,TF1,starved,pycno,control,30,0
046,2021-08-30,TF1,starved,pycno,control,35,0
046,2021-08-30,TF1,starved,pycno,control,40,0
046,2021-08-30,TF1,starved,pycno,control,45,0
046,2021-08-30,TF1,starved,pycno,control,50,0
046,2021-08-30,TF1,starved,pycno,control,55,0
046,2021-08-30,TF1,starved,pycno,control,60,0
047,2021-08-30,TF2,starved,pycno,control,5,1
047,2021-08-30,TF2,starved,pycno,control,10,1
047,2021-08-30,TF2,starved,pycno,control,15,1
047,2021-08-30,TF2,starved,pycno,control,20,0.4
047,2021-08-30,TF2,starved,pycno,control,25,0
047,2021-08-30,TF2,starved,pycno,control,30,0
047,2021-08-30,TF2,starved,pycno,control,35,0
047,2021-08-30,TF2,starved,pycno,control,40,0
047,2021-08-30,TF2,starved,pycno,control,45,0
047,2021-08-30,TF2,starved,pycno,control,50,0
047,2021-08-30,TF2,starved,pycno,control,55,0
047,2021-08-30,TF2,starved,pycno,control,60,0
048,2021-08-30,TF1,fed,control,nereo,5,0.4
048,2021-08-30,TF1,fed,control,nereo,10,0
048,2021-08-30,TF1,fed,control,nereo,15,0
048,2021-08-30,TF1,fed,control,nereo,20,0
048,2021-08-30,TF1,fed,control,nereo,25,0
048,2021-08-30,TF1,fed,control,nereo,30,0.6
048,2021-08-30,TF1,fed,control,nereo,35,0
048,2021-08-30,TF1,fed,control,nereo,40,0
048,2021-08-30,TF1,fed,control,nereo,45,0
048,2021-08-30,TF1,fed,control,nereo,50,0
048,2021-08-30,TF1,fed,control,nereo,55,0
048,2021-08-30,TF1,fed,control,nereo,60,0
049,2021-09-04,TF2,starved,control,nereo,5,1
049,2021-09-04,TF2,starved,control,nereo,10,0.4
049,2021-09-04,TF2,starved,control,nereo,15,0
049,2021-09-04,TF2,starved,control,nereo,20,0
049,2021-09-04,TF2,starved,control,nereo,25,0
049,2021-09-04,TF2,starved,control,nereo,30,0
049,2021-09-04,TF2,starved,control,nereo,35,0
049,2021-09-04,TF2,starved,control,nereo,40,0
049,2021-09-04,TF2,starved,control,nereo,45,0
049,2021-09-04,TF2,starved,control,nereo,50,0
049,2021-09-04,TF2,starved,control,nereo,55,0
049,2021-09-04,TF2,starved,control,nereo,60,0
